               epoch,      train/box_loss,      train/obj_loss,      train/cls_loss,   metrics/precision,      metrics/recall,     metrics/mAP_0.5,metrics/mAP_0.5:0.95,        val/box_loss,        val/obj_loss,        val/cls_loss,               x/lr0,               x/lr1,               x/lr2
                   0,              0.1067,             0.06139,                   0,           0.0029333,             0.22222,           0.0020838,          0.00032739,             0.09499,            0.049843,                   0,              0.0955,              0.0005,              0.0005
                   1,            0.096676,            0.072523,                   0,           0.0074667,             0.56566,           0.0059629,           0.0015382,            0.082579,            0.058395,                   0,            0.090095,           0.0010946,           0.0010946
                   2,            0.091428,            0.080501,                   0,           0.0074667,             0.56566,           0.0058733,            0.001438,             0.07693,            0.061211,                   0,            0.084683,           0.0016832,           0.0016832
                   3,            0.086527,            0.075606,                   0,           0.0073333,             0.55556,           0.0058778,           0.0014252,            0.074371,             0.06292,                   0,            0.079266,           0.0022658,           0.0022658
                   4,            0.086906,            0.077657,                   0,              0.0076,             0.57576,           0.0062049,            0.001533,            0.074145,            0.062592,                   0,            0.073843,           0.0028426,           0.0028426
                   5,            0.084654,            0.081452,                   0,              0.0076,             0.57576,            0.006233,           0.0015466,            0.074368,            0.061806,                   0,            0.068413,           0.0034134,           0.0034134
                   6,            0.084078,            0.077615,                   0,           0.0074667,             0.56566,           0.0060285,           0.0015058,            0.074297,            0.061752,                   0,            0.062978,           0.0039782,           0.0039782
                   7,            0.084493,            0.080521,                   0,               0.008,             0.60606,           0.0067847,           0.0016328,            0.074399,            0.061493,                   0,            0.057537,           0.0045371,           0.0045371
                   8,            0.082902,            0.082871,                   0,           0.0078667,             0.59596,           0.0076644,           0.0018128,            0.074749,            0.061081,                   0,             0.05209,           0.0050901,           0.0050901
                   9,            0.080416,            0.078349,                   0,           0.0077333,             0.58586,           0.0076342,           0.0018552,            0.073925,            0.060928,                   0,            0.046637,           0.0056372,           0.0056372
                  10,            0.080904,            0.083347,                   0,           0.0078667,             0.59596,            0.010628,           0.0023952,              0.0738,            0.060722,                   0,            0.041178,           0.0061782,           0.0061782
                  11,            0.079533,            0.083479,                   0,           0.0074667,             0.56566,           0.0070099,            0.001854,            0.073408,            0.060623,                   0,            0.035713,           0.0067134,           0.0067134
                  12,            0.077688,            0.076625,                   0,           0.0073333,             0.55556,           0.0063838,            0.001578,            0.072846,            0.060608,                   0,            0.030243,           0.0072426,           0.0072426
                  13,             0.07709,            0.078876,                   0,              0.0072,             0.54545,            0.013967,             0.00315,            0.072084,            0.061089,                   0,            0.024766,           0.0077659,           0.0077659
                  14,            0.077814,            0.077675,                   0,           0.0069333,             0.52525,            0.014896,            0.003089,            0.071316,            0.063446,                   0,            0.019283,           0.0082832,           0.0082832
                  15,            0.078089,                0.08,                   0,           0.0070667,             0.53535,            0.017018,            0.003531,            0.071372,            0.063683,                   0,            0.013795,           0.0087946,           0.0087946
                  16,            0.075109,            0.079185,                   0,           0.0069333,             0.52525,            0.012614,           0.0022443,            0.070427,            0.063904,                   0,            0.009208,            0.009208,            0.009208
                  17,            0.075058,            0.078584,                   0,           0.0082667,             0.62626,            0.012537,           0.0026463,            0.069436,            0.064453,                   0,            0.009208,            0.009208,            0.009208
                  18,            0.073035,            0.073676,                   0,            0.010267,             0.77778,            0.012856,           0.0033618,            0.068253,            0.065231,                   0,           0.0091585,           0.0091585,           0.0091585
                  19,            0.074654,            0.071222,                   0,           0.0094667,             0.71717,            0.022836,           0.0048418,            0.066479,            0.063156,                   0,            0.009109,            0.009109,            0.009109
                  20,            0.074607,            0.069359,                   0,            0.028644,             0.67677,             0.11402,            0.034838,            0.064807,            0.060555,                   0,           0.0090595,           0.0090595,           0.0090595
                  21,            0.073444,            0.063177,                   0,            0.011333,             0.85859,            0.076733,             0.01882,             0.06512,            0.061157,                   0,             0.00901,             0.00901,             0.00901
                  22,            0.070351,            0.059768,                   0,             0.26358,             0.24242,             0.25392,            0.060988,            0.064892,            0.054573,                   0,           0.0089605,           0.0089605,           0.0089605
                  23,            0.068987,            0.058421,                   0,             0.18053,             0.38384,             0.13755,            0.035575,            0.064067,            0.052704,                   0,            0.008911,            0.008911,            0.008911
                  24,            0.068233,            0.053609,                   0,             0.48581,             0.34357,             0.36122,             0.10457,            0.062231,            0.049042,                   0,           0.0088615,           0.0088615,           0.0088615
                  25,            0.065687,            0.051426,                   0,             0.35685,             0.29293,             0.27888,            0.063185,            0.064643,            0.050674,                   0,            0.008812,            0.008812,            0.008812
                  26,            0.062827,            0.050174,                   0,             0.33381,             0.27273,             0.24143,            0.067385,            0.066351,             0.05349,                   0,           0.0087625,           0.0087625,           0.0087625
                  27,            0.063168,            0.046933,                   0,             0.48532,             0.38102,             0.31513,             0.10151,            0.060786,            0.064804,                   0,            0.008713,            0.008713,            0.008713
                  28,            0.063185,            0.044723,                   0,             0.50919,             0.32323,             0.30967,            0.060964,            0.064037,            0.064072,                   0,           0.0086635,           0.0086635,           0.0086635
                  29,             0.05963,            0.047816,                   0,             0.50128,             0.61934,             0.52089,             0.18069,             0.05363,            0.042503,                   0,            0.008614,            0.008614,            0.008614
                  30,            0.057891,            0.045646,                   0,             0.40436,             0.45455,             0.26945,            0.047303,             0.06749,            0.056854,                   0,           0.0085645,           0.0085645,           0.0085645
                  31,            0.057358,            0.044006,                   0,             0.50351,             0.55556,             0.46599,             0.14884,            0.054297,             0.05957,                   0,            0.008515,            0.008515,            0.008515
                  32,             0.05649,            0.043527,                   0,             0.75874,             0.76242,             0.71275,             0.19649,            0.057345,            0.032928,                   0,           0.0084655,           0.0084655,           0.0084655
                  33,            0.054181,            0.040898,                   0,             0.79147,             0.88178,             0.83489,             0.33872,            0.045224,            0.035271,                   0,            0.008416,            0.008416,            0.008416
                  34,            0.054046,            0.043916,                   0,             0.78174,             0.91919,             0.86766,             0.40872,            0.044217,            0.031006,                   0,           0.0083665,           0.0083665,           0.0083665
                  35,            0.050689,            0.042918,                   0,             0.71349,             0.69697,             0.72081,             0.19143,            0.055372,            0.036552,                   0,            0.008317,            0.008317,            0.008317
                  36,            0.052233,            0.039823,                   0,             0.68494,             0.55556,             0.61472,             0.23225,            0.054986,            0.038933,                   0,           0.0082675,           0.0082675,           0.0082675
                  37,            0.050657,            0.038728,                   0,             0.77423,             0.79798,              0.7421,             0.20621,            0.052206,            0.031906,                   0,            0.008218,            0.008218,            0.008218
                  38,            0.049386,            0.039783,                   0,             0.92261,             0.72255,             0.81524,             0.32341,            0.047288,            0.038269,                   0,           0.0081685,           0.0081685,           0.0081685
                  39,            0.049005,            0.036376,                   0,             0.87841,             0.85859,             0.83725,             0.29924,            0.048777,            0.026993,                   0,            0.008119,            0.008119,            0.008119
                  40,            0.046719,            0.036111,                   0,             0.90075,             0.88889,             0.92948,              0.4999,             0.03921,            0.027203,                   0,           0.0080695,           0.0080695,           0.0080695
                  41,            0.045687,             0.03626,                   0,              0.8974,             0.88353,             0.94617,             0.44232,            0.038601,            0.027412,                   0,             0.00802,             0.00802,             0.00802
                  42,            0.047964,            0.037158,                   0,             0.83969,             0.83838,             0.79164,             0.23521,            0.054035,            0.026188,                   0,           0.0079705,           0.0079705,           0.0079705
                  43,            0.046395,            0.035079,                   0,             0.79455,              0.8985,               0.829,             0.31336,            0.044033,             0.03627,                   0,            0.007921,            0.007921,            0.007921
                  44,            0.045382,            0.034214,                   0,             0.89433,             0.86869,               0.891,             0.33455,            0.046941,            0.030037,                   0,           0.0078715,           0.0078715,           0.0078715
                  45,            0.044515,            0.034382,                   0,             0.90809,             0.81818,             0.86023,             0.37499,            0.041979,            0.030426,                   0,            0.007822,            0.007822,            0.007822
                  46,            0.043562,            0.037399,                   0,             0.94677,             0.89839,             0.95196,             0.40241,            0.040829,            0.027077,                   0,           0.0077725,           0.0077725,           0.0077725
                  47,            0.043522,            0.034946,                   0,             0.89278,             0.79798,             0.84399,             0.32606,            0.048888,            0.032387,                   0,            0.007723,            0.007723,            0.007723
                  48,             0.04478,            0.032744,                   0,             0.96553,             0.84886,             0.91062,             0.50094,            0.037192,            0.027809,                   0,           0.0076735,           0.0076735,           0.0076735
                  49,            0.044146,            0.031834,                   0,             0.96227,             0.89899,             0.92658,             0.30399,            0.047815,            0.026443,                   0,            0.007624,            0.007624,            0.007624
                  50,            0.041135,            0.032168,                   0,             0.86732,             0.79237,             0.84487,             0.33255,            0.049068,            0.027946,                   0,           0.0075745,           0.0075745,           0.0075745
                  51,            0.040505,            0.031516,                   0,             0.90306,             0.69697,             0.75579,             0.25496,            0.053349,            0.037575,                   0,            0.007525,            0.007525,            0.007525
                  52,            0.044163,            0.033483,                   0,             0.96761,             0.86869,             0.92193,             0.51836,            0.036209,             0.03006,                   0,           0.0074755,           0.0074755,           0.0074755
                  53,            0.041407,            0.033547,                   0,             0.93988,             0.94741,             0.95971,              0.4146,            0.040265,            0.024712,                   0,            0.007426,            0.007426,            0.007426
                  54,            0.040948,            0.032415,                   0,             0.99312,              0.9697,             0.98538,               0.563,            0.032953,            0.022514,                   0,           0.0073765,           0.0073765,           0.0073765
                  55,            0.041164,            0.033222,                   0,             0.95688,             0.94949,             0.95579,             0.36515,            0.043771,            0.023907,                   0,            0.007327,            0.007327,            0.007327
                  56,            0.039826,            0.030002,                   0,             0.98968,              0.9689,             0.97459,             0.54183,            0.032955,            0.023312,                   0,           0.0072775,           0.0072775,           0.0072775
                  57,            0.040188,            0.031655,                   0,             0.95645,             0.88744,              0.9318,             0.44525,            0.040811,              0.0275,                   0,            0.007228,            0.007228,            0.007228
                  58,            0.037895,            0.030013,                   0,             0.91991,              0.9596,             0.94966,             0.34919,            0.042593,            0.023037,                   0,           0.0071785,           0.0071785,           0.0071785
                  59,            0.041214,             0.03412,                   0,             0.97592,              0.9798,             0.98113,             0.51078,            0.033489,            0.024338,                   0,            0.007129,            0.007129,            0.007129
                  60,            0.038915,            0.032385,                   0,              0.9445,             0.90909,             0.94808,             0.40053,            0.040283,            0.023003,                   0,           0.0070795,           0.0070795,           0.0070795
                  61,            0.038236,            0.029615,                   0,             0.98563,              0.9697,             0.98343,             0.58304,            0.030617,            0.022633,                   0,             0.00703,             0.00703,             0.00703
                  62,            0.037193,            0.030172,                   0,             0.92095,             0.94949,             0.96362,             0.44457,              0.0376,            0.022606,                   0,           0.0069805,           0.0069805,           0.0069805
                  63,            0.037717,            0.030731,                   0,             0.92146,              0.9481,             0.95985,             0.47602,            0.037749,            0.021706,                   0,            0.006931,            0.006931,            0.006931
                  64,            0.037623,            0.031307,                   0,             0.96801,              0.9697,             0.98103,             0.59626,            0.030068,            0.020618,                   0,           0.0068815,           0.0068815,           0.0068815
                  65,             0.03582,            0.028311,                   0,             0.91219,             0.83947,             0.87514,             0.41799,            0.043274,            0.032188,                   0,            0.006832,            0.006832,            0.006832
                  66,            0.036914,            0.029242,                   0,             0.97736,              0.9697,             0.98015,             0.59764,            0.030962,            0.021114,                   0,           0.0067825,           0.0067825,           0.0067825
                  67,             0.03909,            0.030187,                   0,             0.96687,             0.94949,             0.96744,             0.39473,            0.040773,            0.021935,                   0,            0.006733,            0.006733,            0.006733
                  68,            0.039533,            0.032193,                   0,             0.97826,              0.9697,             0.97358,             0.57177,            0.029782,            0.021168,                   0,           0.0066835,           0.0066835,           0.0066835
                  69,            0.035885,            0.029701,                   0,             0.93802,             0.93939,              0.9451,             0.39308,            0.041797,            0.022034,                   0,            0.006634,            0.006634,            0.006634
                  70,            0.035329,            0.027359,                   0,             0.96726,             0.94949,             0.97097,             0.53839,             0.03224,            0.021004,                   0,           0.0065845,           0.0065845,           0.0065845
                  71,            0.036769,            0.030401,                   0,             0.97807,              0.9596,             0.96839,             0.49261,            0.034503,            0.021694,                   0,            0.006535,            0.006535,            0.006535
                  72,              0.0381,            0.029764,                   0,             0.97847,              0.9596,             0.97273,             0.53838,            0.031759,            0.021587,                   0,           0.0064855,           0.0064855,           0.0064855
                  73,            0.035567,            0.029247,                   0,             0.96764,             0.94949,             0.97123,             0.41034,             0.04066,            0.022305,                   0,            0.006436,            0.006436,            0.006436
                  74,            0.037007,            0.031218,                   0,             0.98852,              0.9697,             0.97573,             0.57975,            0.029066,            0.022518,                   0,           0.0063865,           0.0063865,           0.0063865
                  75,            0.036534,            0.029685,                   0,             0.96682,             0.94949,             0.97082,             0.41419,            0.038707,            0.022114,                   0,            0.006337,            0.006337,            0.006337
                  76,            0.035456,            0.030656,                   0,             0.95789,             0.93939,             0.96217,             0.45312,            0.038112,            0.022419,                   0,           0.0062875,           0.0062875,           0.0062875
                  77,            0.033211,            0.028657,                   0,             0.98799,              0.9697,             0.99282,             0.50265,            0.034709,            0.021641,                   0,            0.006238,            0.006238,            0.006238
                  78,            0.034016,            0.029417,                   0,             0.99861,              0.9798,             0.98595,              0.5474,            0.031239,            0.020931,                   0,           0.0061885,           0.0061885,           0.0061885
                  79,             0.03555,            0.027639,                   0,             0.98781,              0.9697,             0.97585,             0.42633,            0.037791,            0.021694,                   0,            0.006139,            0.006139,            0.006139
                  80,            0.034738,            0.027541,                   0,             0.96966,              0.9684,             0.97941,             0.54194,            0.033495,            0.020832,                   0,           0.0060895,           0.0060895,           0.0060895
                  81,            0.033737,            0.029202,                   0,             0.98811,              0.9697,             0.98367,             0.45808,            0.038862,            0.022316,                   0,             0.00604,             0.00604,             0.00604
                  82,            0.035275,            0.030269,                   0,             0.98838,              0.9697,             0.98851,             0.62938,            0.028434,            0.019779,                   0,           0.0059905,           0.0059905,           0.0059905
                  83,            0.034096,            0.029951,                   0,             0.96936,             0.95859,             0.97952,             0.45561,            0.037954,            0.020748,                   0,            0.005941,            0.005941,            0.005941
                  84,            0.033929,            0.028899,                   0,             0.98799,              0.9697,              0.9875,             0.59128,            0.030094,            0.019829,                   0,           0.0058915,           0.0058915,           0.0058915
                  85,            0.032908,            0.027065,                   0,             0.97849,              0.9596,             0.98025,             0.43122,            0.039594,            0.020798,                   0,            0.005842,            0.005842,            0.005842
                  86,            0.035926,            0.030249,                   0,             0.99871,              0.9798,             0.98649,             0.57774,            0.029451,            0.019787,                   0,           0.0057925,           0.0057925,           0.0057925
                  87,            0.035066,            0.029349,                   0,             0.97818,              0.9596,             0.98176,             0.52778,            0.033678,             0.02055,                   0,            0.005743,            0.005743,            0.005743
                  88,            0.034462,            0.028273,                   0,                   1,             0.97681,             0.98493,             0.60777,            0.030298,            0.021065,                   0,           0.0056935,           0.0056935,           0.0056935
                  89,            0.032582,            0.029239,                   0,             0.98878,              0.9798,              0.9852,             0.51238,            0.034124,            0.020824,                   0,            0.005644,            0.005644,            0.005644
                  90,            0.032296,            0.026077,                   0,             0.97546,              0.9697,              0.9658,             0.52993,            0.034442,            0.021816,                   0,           0.0055945,           0.0055945,           0.0055945
                  91,            0.032936,            0.027352,                   0,                   1,             0.96747,             0.97382,             0.50708,            0.034273,            0.021114,                   0,            0.005545,            0.005545,            0.005545
                  92,            0.031612,            0.027812,                   0,               0.969,              0.9596,             0.98862,             0.48608,            0.035715,            0.021122,                   0,           0.0054955,           0.0054955,           0.0054955
                  93,            0.030564,            0.026763,                   0,             0.97935,              0.9581,             0.96621,             0.50084,            0.035443,            0.021816,                   0,            0.005446,            0.005446,            0.005446
                  94,            0.030395,            0.025982,                   0,             0.97958,               0.969,             0.98518,             0.49302,            0.035683,            0.020298,                   0,           0.0053965,           0.0053965,           0.0053965
                  95,            0.032529,            0.027975,                   0,             0.95876,             0.94949,             0.96633,             0.50729,            0.035119,            0.020649,                   0,            0.005347,            0.005347,            0.005347
                  96,            0.031447,            0.027745,                   0,             0.95746,             0.93939,             0.95256,             0.48325,            0.037112,            0.021503,                   0,           0.0052975,           0.0052975,           0.0052975
                  97,            0.033451,            0.028947,                   0,             0.98984,              0.9899,             0.98479,              0.4979,            0.034832,            0.020378,                   0,            0.005248,            0.005248,            0.005248
                  98,            0.031392,            0.028006,                   0,             0.96749,             0.93939,             0.96223,             0.46826,            0.037029,            0.021858,                   0,           0.0051985,           0.0051985,           0.0051985
                  99,            0.031238,            0.025675,                   0,             0.97779,             0.94949,              0.9754,             0.54114,            0.032887,             0.02076,                   0,            0.005149,            0.005149,            0.005149
                 100,            0.031216,            0.028187,                   0,             0.98957,             0.95829,             0.97836,             0.52656,            0.032604,            0.021145,                   0,           0.0050995,           0.0050995,           0.0050995
                 101,            0.031977,            0.027153,                   0,                   1,              0.9696,             0.96552,               0.491,            0.035127,            0.022038,                   0,             0.00505,             0.00505,             0.00505
                 102,            0.031343,            0.027163,                   0,             0.98829,             0.85266,             0.90629,             0.44858,            0.039261,            0.031067,                   0,           0.0050005,           0.0050005,           0.0050005
                 103,             0.03122,            0.026387,                   0,             0.99987,              0.9697,             0.96796,             0.63255,            0.028138,            0.020851,                   0,            0.004951,            0.004951,            0.004951
                 104,            0.032759,            0.025139,                   0,             0.99905,              0.9697,             0.97984,              0.5034,             0.03467,            0.020554,                   0,           0.0049015,           0.0049015,           0.0049015
                 105,            0.032022,            0.027797,                   0,                   1,             0.97888,             0.98541,             0.57165,            0.030671,            0.019852,                   0,            0.004852,            0.004852,            0.004852
                 106,            0.030339,            0.026836,                   0,                   1,             0.97874,             0.98112,             0.48084,            0.035476,            0.020893,                   0,           0.0048025,           0.0048025,           0.0048025
                 107,            0.029459,            0.024691,                   0,             0.98881,              0.9697,             0.98049,             0.55029,            0.031557,            0.020298,                   0,            0.004753,            0.004753,            0.004753
                 108,            0.030851,            0.028329,                   0,             0.98803,              0.9697,             0.97865,             0.52285,            0.033175,            0.020599,                   0,           0.0047035,           0.0047035,           0.0047035
                 109,            0.032355,            0.028498,                   0,             0.98978,             0.97827,              0.9794,             0.49611,            0.033843,            0.020538,                   0,            0.004654,            0.004654,            0.004654
                 110,              0.0306,            0.026807,                   0,              0.9898,             0.97975,             0.98388,             0.54575,            0.032552,            0.020256,                   0,           0.0046045,           0.0046045,           0.0046045
                 111,            0.029342,            0.027068,                   0,             0.98896,              0.9798,             0.98172,             0.56329,             0.03185,            0.019566,                   0,            0.004555,            0.004555,            0.004555
                 112,            0.030334,            0.026806,                   0,             0.98763,              0.9697,             0.98235,             0.52913,            0.033679,            0.020168,                   0,           0.0045055,           0.0045055,           0.0045055
                 113,            0.030482,            0.026837,                   0,             0.99966,              0.9798,             0.98555,             0.59701,            0.028777,            0.018848,                   0,            0.004456,            0.004456,            0.004456
                 114,            0.030374,            0.024691,                   0,             0.97642,              0.9596,             0.97603,             0.47386,            0.036954,            0.019993,                   0,           0.0044065,           0.0044065,           0.0044065
                 115,            0.029566,            0.025885,                   0,             0.98988,             0.98804,             0.98532,             0.50509,            0.033987,             0.02018,                   0,            0.004357,            0.004357,            0.004357
                 116,            0.028701,             0.02515,                   0,             0.99871,              0.9697,             0.97564,              0.5224,            0.033289,             0.02108,                   0,           0.0043075,           0.0043075,           0.0043075
                 117,            0.028666,             0.02521,                   0,             0.99884,              0.9697,             0.96828,             0.57106,            0.030601,            0.021858,                   0,            0.004258,            0.004258,            0.004258
                 118,            0.029789,            0.027482,                   0,             0.99943,              0.9798,              0.9848,             0.57132,            0.030802,            0.019836,                   0,           0.0042085,           0.0042085,           0.0042085
                 119,            0.029382,            0.026425,                   0,                   1,             0.98926,             0.98543,             0.55515,            0.031566,            0.019344,                   0,            0.004159,            0.004159,            0.004159
                 120,            0.028241,            0.025361,                   0,             0.98979,             0.97934,             0.98317,             0.53944,            0.033966,            0.019886,                   0,           0.0041095,           0.0041095,           0.0041095
                 121,            0.029064,            0.025145,                   0,             0.98878,              0.9798,             0.98251,             0.57989,            0.030083,             0.01902,                   0,             0.00406,             0.00406,             0.00406
                 122,            0.028043,            0.025291,                   0,              0.9983,              0.9798,             0.98568,             0.54446,             0.03133,            0.019138,                   0,           0.0040105,           0.0040105,           0.0040105
                 123,            0.029322,            0.024483,                   0,             0.99814,              0.9798,             0.98564,              0.6334,            0.026656,            0.018372,                   0,            0.003961,            0.003961,            0.003961
                 124,            0.029445,            0.027835,                   0,             0.98849,              0.9697,             0.97788,             0.55948,            0.031847,            0.021465,                   0,           0.0039115,           0.0039115,           0.0039115
                 125,            0.028117,            0.025458,                   0,              0.9881,              0.9596,             0.97313,             0.51771,            0.033872,            0.020149,                   0,            0.003862,            0.003862,            0.003862
                 126,            0.028949,            0.024162,                   0,             0.99823,              0.9697,              0.9807,             0.58645,            0.029891,              0.0196,                   0,           0.0038125,           0.0038125,           0.0038125
                 127,            0.028614,            0.025709,                   0,             0.98745,              0.9697,             0.97254,             0.54924,            0.032015,            0.019806,                   0,            0.003763,            0.003763,            0.003763
                 128,            0.027764,            0.024834,                   0,             0.98621,              0.9697,             0.97509,             0.51409,             0.03401,            0.020149,                   0,           0.0037135,           0.0037135,           0.0037135
                 129,            0.029762,            0.028057,                   0,             0.98953,             0.95449,             0.96551,             0.52133,             0.03327,            0.020309,                   0,            0.003664,            0.003664,            0.003664
                 130,            0.028507,            0.024673,                   0,             0.96964,             0.96789,             0.97625,             0.40498,            0.039797,            0.021099,                   0,           0.0036145,           0.0036145,           0.0036145
                 131,            0.029144,            0.026392,                   0,             0.98594,              0.9798,             0.98614,              0.5325,            0.031945,            0.019474,                   0,            0.003565,            0.003565,            0.003565
                 132,            0.027519,            0.025322,                   0,             0.98851,              0.9798,             0.98547,             0.62609,            0.026827,            0.018532,                   0,           0.0035155,           0.0035155,           0.0035155
                 133,            0.028647,            0.026246,                   0,                   1,             0.97583,             0.98726,             0.58932,            0.028129,            0.019089,                   0,            0.003466,            0.003466,            0.003466
                 134,            0.028309,            0.024669,                   0,             0.97976,             0.97817,             0.98515,             0.59842,            0.028438,            0.019093,                   0,           0.0034165,           0.0034165,           0.0034165
                 135,            0.027968,            0.024291,                   0,             0.99896,              0.9798,             0.98814,             0.57496,            0.029977,            0.018677,                   0,            0.003367,            0.003367,            0.003367
                 136,            0.027904,            0.023769,                   0,              0.9988,              0.9798,             0.98724,             0.60038,            0.028672,            0.018494,                   0,           0.0033175,           0.0033175,           0.0033175
                 137,            0.028494,            0.025032,                   0,             0.98862,              0.9798,             0.98192,             0.57659,            0.029861,            0.019119,                   0,            0.003268,            0.003268,            0.003268
                 138,            0.029337,            0.025209,                   0,             0.97979,             0.97949,             0.98498,             0.63796,            0.026451,            0.018608,                   0,           0.0032185,           0.0032185,           0.0032185
                 139,            0.028696,            0.025388,                   0,             0.98837,              0.9798,             0.98494,             0.53086,            0.031635,            0.019272,                   0,            0.003169,            0.003169,            0.003169
                 140,            0.027477,            0.024939,                   0,             0.97968,              0.9798,             0.98483,             0.55139,            0.030954,            0.019226,                   0,           0.0031195,           0.0031195,           0.0031195
                 141,            0.028698,            0.025085,                   0,             0.99563,              0.9697,             0.98248,              0.5827,            0.029789,            0.020046,                   0,             0.00307,             0.00307,             0.00307
                 142,            0.029245,            0.026448,                   0,                   1,              0.9789,             0.98559,             0.61632,            0.027903,            0.019405,                   0,           0.0030205,           0.0030205,           0.0030205
                 143,             0.02826,            0.024764,                   0,             0.99793,              0.9798,             0.98567,               0.546,            0.031359,            0.019199,                   0,            0.002971,            0.002971,            0.002971
                 144,            0.028079,            0.025012,                   0,             0.99849,              0.9798,             0.98643,             0.58464,            0.028814,            0.018402,                   0,           0.0029215,           0.0029215,           0.0029215
                 145,            0.027174,            0.025736,                   0,             0.99802,              0.9899,             0.98758,             0.61381,            0.027978,            0.018517,                   0,            0.002872,            0.002872,            0.002872
                 146,            0.027364,            0.024915,                   0,                   1,             0.98811,             0.98784,             0.55118,            0.031097,            0.018864,                   0,           0.0028225,           0.0028225,           0.0028225
                 147,            0.027728,            0.025019,                   0,              0.9993,              0.9899,             0.98584,             0.58774,            0.029496,            0.019093,                   0,            0.002773,            0.002773,            0.002773
                 148,            0.027833,            0.024864,                   0,             0.99895,              0.9798,             0.98887,             0.59441,            0.028782,            0.018448,                   0,           0.0027235,           0.0027235,           0.0027235
                 149,            0.027628,            0.025104,                   0,               0.999,              0.9798,             0.98597,             0.60497,            0.027716,            0.018513,                   0,            0.002674,            0.002674,            0.002674
                 150,            0.027111,            0.024376,                   0,             0.98901,              0.9697,             0.97919,             0.53645,            0.031717,             0.01947,                   0,           0.0026245,           0.0026245,           0.0026245
                 151,            0.027248,            0.025866,                   0,             0.99675,              0.9798,             0.98756,             0.60812,            0.027348,            0.018436,                   0,            0.002575,            0.002575,            0.002575
                 152,            0.026893,            0.024149,                   0,             0.99865,              0.9798,             0.98767,              0.5807,            0.029585,            0.018742,                   0,           0.0025255,           0.0025255,           0.0025255
                 153,            0.026115,            0.023598,                   0,             0.99871,              0.9798,             0.98789,             0.59476,            0.028603,            0.018787,                   0,            0.002476,            0.002476,            0.002476
                 154,            0.026913,            0.025109,                   0,             0.99846,              0.9798,             0.98683,              0.6351,            0.026216,            0.018085,                   0,           0.0024265,           0.0024265,           0.0024265
                 155,            0.027488,            0.024853,                   0,             0.99777,              0.9697,             0.97897,             0.61128,             0.02776,            0.019585,                   0,            0.002377,            0.002377,            0.002377
                 156,            0.026507,             0.02422,                   0,              0.9979,              0.9697,              0.9791,             0.62039,            0.027442,            0.019249,                   0,           0.0023275,           0.0023275,           0.0023275
                 157,            0.026139,            0.023297,                   0,             0.99996,              0.9697,              0.9823,             0.64673,            0.026176,             0.01894,                   0,            0.002278,            0.002278,            0.002278
                 158,            0.027146,            0.025152,                   0,                   1,             0.96847,             0.98515,             0.65737,            0.025408,            0.018467,                   0,           0.0022285,           0.0022285,           0.0022285
                 159,             0.02797,            0.024511,                   0,                   1,             0.96809,             0.98659,             0.65183,            0.025684,            0.018368,                   0,            0.002179,            0.002179,            0.002179
                 160,            0.027563,             0.02699,                   0,             0.98988,             0.98803,             0.98609,             0.64872,             0.02519,            0.018116,                   0,           0.0021295,           0.0021295,           0.0021295
                 161,             0.02689,            0.025552,                   0,             0.99845,              0.9899,             0.98632,             0.63239,            0.026552,            0.018112,                   0,             0.00208,             0.00208,             0.00208
                 162,            0.027367,            0.023486,                   0,                   1,             0.98824,             0.99425,             0.65085,            0.024918,            0.017677,                   0,           0.0020305,           0.0020305,           0.0020305
                 163,            0.026158,            0.023451,                   0,             0.99829,              0.9798,             0.98673,             0.61152,            0.027816,            0.018234,                   0,            0.001981,            0.001981,            0.001981
                 164,            0.027118,            0.026052,                   0,             0.99826,              0.9798,             0.98807,             0.62576,            0.026901,            0.017979,                   0,           0.0019315,           0.0019315,           0.0019315
                 165,            0.025744,            0.024426,                   0,             0.99925,              0.9798,             0.98628,             0.57979,            0.029689,            0.018845,                   0,            0.001882,            0.001882,            0.001882
                 166,            0.026857,            0.025268,                   0,             0.98988,             0.98791,             0.98616,             0.62407,            0.026897,            0.018223,                   0,           0.0018325,           0.0018325,           0.0018325
                 167,            0.026827,            0.024538,                   0,                   1,             0.98785,             0.98622,             0.61629,            0.027397,            0.018219,                   0,            0.001783,            0.001783,            0.001783
                 168,            0.026115,             0.02372,                   0,                   1,             0.98905,             0.98641,             0.61389,            0.027771,            0.018269,                   0,           0.0017335,           0.0017335,           0.0017335
                 169,            0.026048,            0.024029,                   0,                   1,             0.98858,             0.98763,             0.59697,            0.028459,            0.018181,                   0,            0.001684,            0.001684,            0.001684
                 170,            0.025603,            0.022538,                   0,                   1,             0.98854,               0.988,             0.60772,            0.027753,            0.018215,                   0,           0.0016345,           0.0016345,           0.0016345
                 171,            0.026865,            0.024619,                   0,             0.99962,              0.9798,             0.98763,             0.62664,            0.026666,            0.018028,                   0,            0.001585,            0.001585,            0.001585
                 172,             0.02593,            0.023315,                   0,                   1,              0.9885,             0.98706,             0.62967,            0.027134,            0.018349,                   0,           0.0015355,           0.0015355,           0.0015355
                 173,            0.025594,            0.022216,                   0,                   1,             0.98922,             0.98707,             0.57253,            0.029625,            0.018475,                   0,            0.001486,            0.001486,            0.001486
                 174,            0.026188,            0.022754,                   0,                   1,              0.9899,             0.98712,             0.58845,            0.029535,            0.018314,                   0,           0.0014365,           0.0014365,           0.0014365
                 175,            0.025986,            0.023179,                   0,             0.99965,              0.9899,              0.9876,             0.57981,            0.029629,            0.018375,                   0,            0.001387,            0.001387,            0.001387
                 176,            0.025584,            0.022865,                   0,             0.99958,              0.9899,              0.9872,             0.58985,            0.028837,            0.018311,                   0,           0.0013375,           0.0013375,           0.0013375
                 177,            0.025966,            0.024379,                   0,             0.99975,              0.9899,             0.98694,             0.60009,            0.028601,            0.018188,                   0,            0.001288,            0.001288,            0.001288
                 178,            0.025899,            0.024156,                   0,                   1,             0.98972,             0.98707,             0.61616,            0.027219,             0.01799,                   0,           0.0012385,           0.0012385,           0.0012385
                 179,            0.027014,              0.0251,                   0,             0.99829,              0.9798,             0.98655,             0.64937,            0.025252,            0.017647,                   0,            0.001189,            0.001189,            0.001189
                 180,             0.02601,            0.024062,                   0,             0.98988,             0.98776,             0.98628,             0.62845,            0.026166,            0.017815,                   0,           0.0011395,           0.0011395,           0.0011395
                 181,            0.025495,            0.023382,                   0,             0.99791,              0.9798,             0.98628,             0.65702,            0.024774,            0.017467,                   0,             0.00109,             0.00109,             0.00109
                 182,            0.025963,             0.02365,                   0,              0.9983,              0.9798,             0.98631,             0.63223,            0.025708,            0.017513,                   0,           0.0010405,           0.0010405,           0.0010405
                 183,            0.025305,            0.023878,                   0,             0.99853,              0.9798,             0.98643,             0.61445,            0.026689,            0.017765,                   0,            0.000991,            0.000991,            0.000991
                 184,            0.025591,            0.022684,                   0,             0.99879,              0.9798,             0.98647,             0.63938,            0.025702,            0.017612,                   0,           0.0009415,           0.0009415,           0.0009415
                 185,            0.025589,            0.023386,                   0,                   1,              0.9871,              0.9867,             0.62214,            0.026253,            0.017723,                   0,            0.000892,            0.000892,            0.000892
                 186,             0.02631,            0.025116,                   0,              0.9993,              0.9798,             0.98658,             0.62905,            0.026253,            0.017738,                   0,           0.0008425,           0.0008425,           0.0008425
                 187,            0.025789,             0.02409,                   0,             0.99895,              0.9798,             0.98649,             0.63429,            0.026117,            0.017754,                   0,            0.000793,            0.000793,            0.000793
                 188,             0.02549,            0.022452,                   0,             0.99893,              0.9798,             0.98647,             0.64003,            0.025611,            0.017555,                   0,           0.0007435,           0.0007435,           0.0007435
                 189,            0.025331,             0.02399,                   0,             0.99927,              0.9798,             0.98747,             0.63661,            0.025696,            0.017559,                   0,            0.000694,            0.000694,            0.000694
                 190,            0.025472,             0.02385,                   0,              0.9882,              0.9899,             0.98685,             0.62214,            0.026654,            0.017788,                   0,           0.0006445,           0.0006445,           0.0006445
                 191,            0.026142,             0.02572,                   0,                   1,             0.98823,             0.98703,             0.63226,            0.026101,            0.017578,                   0,            0.000595,            0.000595,            0.000595
                 192,             0.02551,            0.023181,                   0,                   1,             0.98906,             0.98704,             0.59519,            0.027659,            0.017895,                   0,           0.0005455,           0.0005455,           0.0005455
                 193,             0.02555,            0.024189,                   0,                   1,             0.98931,             0.98733,             0.63582,            0.026126,            0.017616,                   0,            0.000496,            0.000496,            0.000496
                 194,            0.024739,            0.023923,                   0,                   1,             0.98894,             0.98724,             0.64467,            0.025555,            0.017544,                   0,           0.0004465,           0.0004465,           0.0004465
                 195,            0.025458,            0.023687,                   0,             0.99888,              0.9798,             0.98686,             0.64436,            0.025582,            0.017677,                   0,            0.000397,            0.000397,            0.000397
                 196,            0.025833,             0.02353,                   0,             0.99878,              0.9798,             0.98691,             0.63103,            0.025835,            0.017704,                   0,           0.0003475,           0.0003475,           0.0003475
                 197,            0.025468,            0.023376,                   0,             0.99872,              0.9798,             0.98687,             0.63214,            0.025948,            0.017666,                   0,            0.000298,            0.000298,            0.000298
                 198,            0.025445,            0.022949,                   0,             0.99873,              0.9798,             0.98697,             0.63131,            0.026002,            0.017616,                   0,           0.0002485,           0.0002485,           0.0002485
                 199,            0.025301,              0.0244,                   0,             0.99879,              0.9798,             0.98689,             0.63838,            0.025899,            0.017609,                   0,            0.000199,            0.000199,            0.000199
